First Name,Last Name,Date,Gender,Race,Phone Number,Email
Kenya,Zboncak,1978/2/5,FEMALE,NEGROID,1-474-317-7868,don.kuhn@yahoo.com
Nels,Von,1987/2/5,FEMALE,CAPOID,327-988-2824,layla.grady@gmail.com
Enrico,Lind,1987/2/5,MALE,AUSTRALOID,(816) 938-3544,concepcion.cassin@yahoo.com
Libby,Dooley,1956/2/5,FEMALE,CAPOID,(068) 841-1154,delfina.conroy@yahoo.com
Charity,Williamson,1962/2/5,MALE,MONGOLOID,077-476-8620,karolann.heidenreich@yahoo.com
Brooklyn,Runte,1962/2/5,MALE,AUSTRALOID,(121) 962-6194,cleve.beahan@hotmail.com
Leonardo,Lakin,1993/2/5,MALE,AUSTRALOID,1-061-631-3150,marcella.dickens@yahoo.com
Lyla,Schmeler,1966/2/5,FEMALE,AUSTRALOID,(058) 399-0198,finn.hodkiewicz@hotmail.com
Haylie,Stanton,1977/2/5,FEMALE,CAUCASOID,565.125.2040,tobin.hermiston@yahoo.com
Garret,Reilly,1970/2/5,MALE,CAPOID,1-123-289-2821,noemie.fahey@yahoo.com
Bailey,Schowalter,1969/2/5,FEMALE,NEGROID,145-811-8033,shyann.thompson@hotmail.com
Amalia,Collier,1994/2/5,MALE,MONGOLOID,(262) 080-9847,marco.okuneva@gmail.com
Julio,Sanford,1965/2/5,MALE,AUSTRALOID,794-723-9994,anastasia.batz@yahoo.com
Reece,Robel,1957/2/5,FEMALE,CAUCASOID,(377) 503-1759,mireya.berge@gmail.com
Melody,Gulgowski,1972/2/5,FEMALE,NEGROID,847-615-9898,lisette.feil@yahoo.com
Alysha,Labadie,1975/2/5,FEMALE,CAPOID,(488) 208-3319,david.fisher@gmail.com
Herman,Beatty,1972/2/5,FEMALE,MONGOLOID,173.742.7938,ozella.champlin@gmail.com
Jazlyn,Considine,1967/2/5,MALE,AUSTRALOID,596-250-7462,annalise.osinski@gmail.com
Brandy,Halvorson,1972/2/5,MALE,AUSTRALOID,1-728-075-0433,teresa.tremblay@hotmail.com
Maximillian,Brakus,1990/2/5,MALE,MONGOLOID,1-383-531-8338,jayme.okuneva@yahoo.com
Freda,Herzog,1964/2/5,MALE,NEGROID,1-263-909-0215,chet.weissnat@hotmail.com
Monica,Terry,1974/2/5,MALE,AUSTRALOID,877-365-2457,robyn.schiller@hotmail.com
Heaven,Kautzer,1998/2/5,FEMALE,MONGOLOID,(044) 005-1270,marilie.brekke@yahoo.com
Marcelle,Grant,1979/2/5,MALE,AUSTRALOID,1-748-358-3132,teagan.rohan@gmail.com
Delaney,Crooks,2001/2/5,FEMALE,CAUCASOID,636-354-1597,tremayne.watsica@yahoo.com
Darian,Rolfson,1978/2/5,FEMALE,MONGOLOID,548.707.6554,blair.langworth@gmail.com
Asa,Stark,1962/2/5,FEMALE,CAUCASOID,1-740-970-5109,irving.feeney@hotmail.com
Alvena,Lubowitz,1956/2/5,FEMALE,CAPOID,1-371-191-4130,lauryn.ritchie@hotmail.com
Raymond,Metz,1969/2/5,MALE,MONGOLOID,280.971.9556,georgianna.swift@gmail.com
Jennyfer,Little,2003/2/5,FEMALE,NEGROID,208-729-6559,wava.parker@gmail.com
Elisabeth,Rolfson,1989/2/5,MALE,AUSTRALOID,822-097-3910,marcia.leffler@hotmail.com
Sammie,Franecki,1986/2/5,FEMALE,AUSTRALOID,507-036-1033,adela.hickle@yahoo.com
Sandy,Langworth,1966/2/5,FEMALE,CAPOID,732.255.3762,candace.ziemann@yahoo.com
Jayce,Leannon,1971/2/5,FEMALE,NEGROID,(630) 437-5914,sanford.turner@yahoo.com
Brisa,Morar,1961/2/5,MALE,MONGOLOID,1-228-281-6439,ross.kautzer@gmail.com
Laura,Mosciski,1956/2/5,FEMALE,CAUCASOID,416-438-6543,genevieve.rogahn@hotmail.com
Patience,Heaney,1993/2/5,FEMALE,CAPOID,(698) 629-3890,austin.auer@yahoo.com
Jonathon,Stamm,1966/2/5,MALE,AUSTRALOID,204-586-8203,vincenza.mueller@yahoo.com
Nestor,Ryan,1973/2/5,MALE,CAPOID,771.680.6573,cristopher.hermiston@gmail.com
Royal,Kling,1997/2/5,FEMALE,MONGOLOID,(888) 152-5887,madonna.homenick@yahoo.com
Shawna,Bernier,1957/2/5,MALE,CAUCASOID,(773) 480-7963,jane.blanda@yahoo.com
Royce,Steuber,1970/2/5,FEMALE,CAUCASOID,680.809.4709,sofia.gibson@yahoo.com
Layla,Rath,1970/2/5,MALE,NEGROID,496.531.4531,austyn.schamberger@yahoo.com
Chesley,Hilpert,1983/2/5,FEMALE,CAPOID,1-149-699-9133,guido.goyette@gmail.com
Rollin,McClure,1975/2/5,MALE,NEGROID,488.679.0994,evalyn.tillman@hotmail.com
Velma,Nolan,1970/2/5,FEMALE,MONGOLOID,771-809-5011,kelli.bauch@hotmail.com
Josue,Bauch,1991/2/5,FEMALE,CAPOID,(389) 960-4743,kristian.simonis@gmail.com
Isobel,Terry,2003/2/5,FEMALE,CAPOID,834-478-1111,jade.macejkovic@gmail.com
Troy,Mraz,1960/2/5,MALE,CAPOID,(735) 922-4146,agustina.von@yahoo.com
Patsy,Pollich,1977/2/5,FEMALE,CAUCASOID,(434) 316-6241,wilfred.purdy@yahoo.com
Julie,Fritsch,1959/2/5,MALE,CAPOID,1-290-516-4460,eddie.koelpin@yahoo.com
Providenci,Zboncak,1977/2/5,FEMALE,AUSTRALOID,529-394-4710,imani.hettinger@gmail.com
Paul,Grant,1996/2/5,FEMALE,MONGOLOID,823.684.5903,justina.skiles@gmail.com
Camille,Kulas,1998/2/5,FEMALE,MONGOLOID,337.534.2450,loyce.vonrueden@gmail.com
Tyrell,Schulist,1993/2/5,FEMALE,NEGROID,464-734-8230,lillian.klein@gmail.com
Letha,Douglas,1965/2/5,FEMALE,AUSTRALOID,975-936-9058,nya.maggio@gmail.com
Cora,Feeney,1994/2/5,MALE,AUSTRALOID,1-555-903-2356,kaylee.steuber@gmail.com
Lauretta,Dare,1998/2/5,MALE,AUSTRALOID,064.798.0885,lauretta.marquardt@hotmail.com
Marlene,McClure,1969/2/5,MALE,AUSTRALOID,1-824-781-6073,genoveva.purdy@hotmail.com
Nova,Connelly,1977/2/5,FEMALE,AUSTRALOID,860-976-1897,david.streich@hotmail.com
Clint,Gerlach,1994/2/5,FEMALE,AUSTRALOID,489.687.3877,lucy.oreilly@gmail.com
Tyler,Corwin,1995/2/5,MALE,MONGOLOID,1-473-935-4851,idella.okon@hotmail.com
Jasen,Walsh,1997/2/5,FEMALE,CAPOID,1-946-354-2064,hilton.feil@gmail.com
Alana,Abernathy,1993/2/5,FEMALE,CAUCASOID,983.794.9060,martin.roob@yahoo.com
Rodger,Durgan,2001/2/5,FEMALE,CAUCASOID,671-639-9085,terrell.okon@hotmail.com
Mark,White,1961/2/5,FEMALE,AUSTRALOID,329.219.8319,felton.towne@hotmail.com
Forrest,Padberg,1965/2/5,MALE,AUSTRALOID,1-447-489-8631,maverick.johns@yahoo.com
Al,Konopelski,1996/2/5,MALE,NEGROID,338.913.0327,aurelia.ritchie@gmail.com
Rogelio,Stroman,1964/2/5,MALE,MONGOLOID,160-109-5581,freda.johnson@hotmail.com
Ervin,Parisian,1965/2/5,FEMALE,MONGOLOID,1-671-812-8126,rod.wunsch@yahoo.com
Selina,Watsica,1983/2/5,FEMALE,CAPOID,456.585.5515,roma.bailey@hotmail.com
Reed,Barrows,1988/2/5,MALE,MONGOLOID,221.931.4604,destiny.schinner@yahoo.com
Nathen,Romaguera,1959/2/5,FEMALE,CAPOID,(940) 444-9925,reed.kovacek@yahoo.com
Daron,Leffler,2003/2/5,FEMALE,NEGROID,459-202-3438,kaylee.kunde@gmail.com
Elinor,Rutherford,1997/2/5,MALE,MONGOLOID,1-208-028-9602,jeromy.koss@hotmail.com
Albert,Strosin,2000/2/5,MALE,NEGROID,816-480-2174,jackie.rippin@gmail.com
Ima,Lubowitz,1984/2/5,FEMALE,AUSTRALOID,921.532.8905,barrett.abernathy@gmail.com
Hilario,Gleichner,1978/2/5,MALE,CAPOID,1-407-466-1121,tyrese.reilly@hotmail.com
Isadore,Cassin,1979/2/5,FEMALE,NEGROID,1-394-148-3485,delaney.heidenreich@yahoo.com
Lowell,Casper,1958/2/5,FEMALE,CAPOID,925.400.4336,christiana.schuster@hotmail.com
Raoul,Kemmer,1965/2/5,FEMALE,MONGOLOID,(141) 270-6575,howell.leffler@yahoo.com
Ralph,Parker,1993/2/5,MALE,CAPOID,441-685-8366,leann.johnston@yahoo.com
Kayden,Emard,1972/2/5,MALE,NEGROID,(406) 274-4776,ed.raynor@yahoo.com
Janiya,Jacobi,2000/2/5,MALE,MONGOLOID,1-641-359-5657,tyson.auer@gmail.com
Eleonore,Kilback,1996/2/5,MALE,NEGROID,373-976-3932,faye.rodriguez@hotmail.com
Magnus,Roob,1972/2/5,FEMALE,CAUCASOID,1-727-373-9699,novella.hills@gmail.com
Shemar,Mohr,1971/2/5,FEMALE,CAPOID,085-016-1024,raymundo.fritsch@hotmail.com
Damien,Leffler,1992/2/5,FEMALE,NEGROID,614.583.9785,linda.auer@gmail.com
Sydni,Lowe,1992/2/5,MALE,MONGOLOID,1-581-916-4213,kenneth.bradtke@yahoo.com
Consuelo,Turner,1959/2/5,FEMALE,AUSTRALOID,1-932-031-1775,shana.collier@gmail.com
Dorris,Kilback,1964/2/5,MALE,CAPOID,(111) 194-7261,lucinda.ernser@gmail.com
Jacques,O'Conner,1956/2/5,FEMALE,AUSTRALOID,500.003.4100,jaunita.beier@hotmail.com
Jennings,Roob,1977/2/5,FEMALE,CAUCASOID,1-164-197-8710,asha.mueller@yahoo.com
Ethel,Kshlerin,1960/2/5,MALE,MONGOLOID,(108) 602-2369,merritt.rolfson@hotmail.com
Morton,Collins,1971/2/5,MALE,AUSTRALOID,1-302-568-7551,yoshiko.bayer@hotmail.com
Orlando,Lowe,1986/2/5,MALE,CAUCASOID,521-452-1716,abner.zieme@hotmail.com
Kathleen,Hyatt,1995/2/5,FEMALE,AUSTRALOID,(443) 340-0312,rozella.hodkiewicz@gmail.com
Alexandria,McCullough,1967/2/5,MALE,CAPOID,1-663-735-6283,kiera.turner@yahoo.com
Rita,Cartwright,1973/2/5,FEMALE,MONGOLOID,437-089-2530,nico.mitchell@hotmail.com
Dario,Mayer,1978/2/5,FEMALE,NEGROID,457.110.0384,rose.wolff@gmail.com
